category,exercise_name,period,trimester,weeks_applicable,description,instructions,benefits,notes,safety_considerations,exercises_to_avoid
Cardio,Walking,"All trimesters (1st, 2nd, 3rd)","1, 2, 3",Jan-40,Walking with correct posture at varying paces,"Walk with correct posture. Brisk power walk in first trimester, slightly slower stroll in 3rd trimester.",Excellent cardiovascular exercise suitable for all fitness levels,Adjust pace as pregnancy progresses. Maintain proper posture throughout.,Safe for all trimesters,
Cardio,Swimming,"All trimesters (1st, 2nd, 3rd)","1, 2, 3",Jan-40,Water-based cardiovascular exercise,Swim at comfortable pace using proper form. Water provides support to joints.,"Strengthens back, arm, and leg muscles. Water supports joints. Excellent cardiovascular exercise.",Water provides natural support to growing body,Considered safe for every trimester,
Cardio,Stationary Cycling,"All trimesters (1st, 2nd, 3rd)","1, 2, 3",Jan-40,Indoor cycling on stationary bike,Cycle at moderate pace on stationary bike. Adjust resistance as needed.,Low risk of falling. Safe cardiovascular option.,Significantly lower risk of falling than outdoor bicycling,Safe during pregnancy - lower fall risk than outdoor cycling,
Cardio,Elliptical/Arc Trainer,"All trimesters (1st, 2nd, 3rd)","1, 2, 3",Jan-40,Low-impact cardio machines,Use elliptical or arc trainer at comfortable pace and resistance.,Lower impact on joints than running,Regarded as secure forms of cardio,Safe throughout pregnancy,
Cardio,Prenatal Aerobics,"All trimesters (1st, 2nd, 3rd)","1, 2, 3",Jan-40,Low-impact prenatal aerobics program,Follow low-impact prenatal aerobics program. Many available digitally online.,Structured cardio routine designed for pregnancy,Many digital fitness classes available online,Choose low-impact programs designed for pregnancy,
Strength Training,Push-ups (Standard/Knee),1st trimester only,1,01-Dec,Standard or knee push-ups,Perform standard push-ups or knee push-ups with proper form.,Upper body and core strength,Only if doing them regularly pre-pregnancy,First trimester only if previously performed regularly,
Strength Training,Wall Push-ups,2nd and 3rd trimester,"2, 3",13-40,Modified push-ups against wall,"1. Face a wall, place hands on wall just outside shoulder-width apart.
2. Contract abs and hold hips in straight line with head, shoulders, and ankles.
3. Slowly bend elbows to lower chest towards wall.
4. Stop when elbows reach 90-degree angle.
5. Reverse motion to starting position.
6. Repeat.",Upper body strength with less core and back strain,Regression from standard push-ups to reduce strain,Safer modification for 2nd and 3rd trimester,
Strength Training,Squats (Bodyweight),"All trimesters (1st, 2nd, 3rd)","1, 2, 3",Jan-40,Bodyweight squats,"1. Stand with feet shoulder-width apart or slightly wider for growing belly.
2. With hips in neutral position, bend knees and lower body as if sitting in chair.
3. Descend until thighs are parallel to floor, keeping core engaged, pulling belly button toward spine.
4. Push through heels to stand back to starting position.
5. Can use chair/bench for support initially.","Strengthens legs, glutes, core, and pelvic floor muscles - essential during childbirth",Adjust stance width for comfort as belly grows,Safe for all trimesters,
Strength Training,Squats (Barbell/Weighted),1st trimester only,1,01-Dec,Barbell or weighted squats,Continue barbell/weighted squats with proper form if performed pre-pregnancy.,Lower body strength development,Only if performed pre-pregnancy,Generally safe to continue in first trimester if done pre-pregnancy,
Strength Training,Weightlifting (General),All trimesters with modifications,"1, 2, 3",Jan-40,General weightlifting exercises,"Continue weightlifting with modifications: reduce weight used, omit exercises on back, listen to body.",Maintains strength and muscle mass,Modify as body changes. Reduce weight. Omit any exercises performed on back.,Safe to continue if done pre-pregnancy. Must modify and reduce weight.,Any exercises performed lying on back after 1st trimester
Stability Ball,Stability Ball Arm Curls,"All trimesters (1st, 2nd, 3rd)","1, 2, 3",Jan-40,Bicep curls while sitting on stability ball,"1. Sit on stability ball with feet firmly planted shoulder-width apart.
2. Sit up tall with neutral hips, head over chest, chest over hips.
3. Engage core by pulling belly button toward spine.
4. With dumbbell in each hand, palms facing up.
5. Slowly bring hand toward shoulder, bending at elbow.
6. Pause at top and return to starting position.
7. Repeat with other hand.",Increases arm strength while engaging core and back muscles for stability,Stability ball provides support while engaging core,Safe for all trimesters,
Stability Ball,Stability Ball Tricep Curls,"All trimesters (1st, 2nd, 3rd)","1, 2, 3",Jan-40,Tricep extensions while sitting on stability ball,"1. Sit on stability ball with feet firmly planted shoulder-width apart.
2. Sit up tall with neutral hips, head over chest, chest over hips.
3. Engage core by pulling belly button toward spine.
4. With light weight in one hand, raise hand above head in neutral position.
5. Bending only at elbow, lower hand toward back, extending tricep.
6. Slowly return to starting position.",Arm strength with core engagement,Use light weight. Ball stabilization engages core.,Safe for all trimesters,
Core,Stability Ball Pelvic Tilts,"All trimesters (1st, 2nd, 3rd)","1, 2, 3",Jan-40,Pelvic tilts on stability ball,"1. Sit on stability ball with feet firmly planted on floor.
2. Sit with hips in neutral position.
3. While exhaling, slowly curl hips forward, rounding lower back.
4. Initiate movement from core, not legs.
5. Inhale and return to starting position.",Develops deep core muscles. Helps relieve back pain.,"Focus on core initiation, not leg movement",Safe throughout pregnancy,
Core,Stability Ball March,"All trimesters (1st, 2nd, 3rd)","1, 2, 3",Jan-40,Marching movement on stability ball,"1. Sit on stability ball with feet firmly planted shoulder-width apart.
2. Sit up tall with neutral hips, head over chest, chest over hips.
3. Engage core by pulling belly button toward spine.
4. While slowly exhaling, lift one foot off ground.
5. Lower foot while exhaling.
6. Repeat with other foot.",Core stability and balance. Helps relieve back pain.,Maintain balance and control throughout movement,Safe for all trimesters,
Core,Plank (Standard),1st trimester only,1,01-Dec,Standard plank position,Hold standard plank position with proper form.,Core strength and stability,Only in first trimester,Safe only in first trimester,
Core,Plank (Elevated/Modified),2nd trimester,2,13-27,Modified plank with hands elevated,Perform plank with hands elevated on bench. Hold for short intervals of 5-10 seconds at a time.,Core strength with reduced abdominal strain,"Stop immediately if you feel strain, bulging, or discomfort in abdominal muscles",Modified version to lessen abdominal strain. Stop if any discomfort.,
Flexibility/Yoga,Prenatal Yoga,"All trimesters (1st, 2nd, 3rd)","1, 2, 3",Jan-40,"Prenatal yoga, hatha yoga, or restorative yoga","Participate in prenatal yoga, hatha yoga, or restorative yoga classes. Speak to instructor about modifications. Pay attention to how you feel.","Flexibility, relaxation, stress relief, strength","Inform instructor you are pregnant. Best types: prenatal yoga, hatha yoga, restorative yoga.","Avoid inversions, big bends, and positions on back. Stop or modify if feeling strain.","Hot yoga (not safe), inversions, big bends, any positions on back"
