week,exercise,general_info
4,"[Exercising In Pregnancy] It's recommended that youdo 150 minutes of exercise a week while pregnant. | [Exercising In Pregnancy] You could start off with just 10 minutes of daily exercise – perhaps take a brisk walk outside. | [Exercising In Pregnancy] Listen to your body and do what feels right for you. | Share the news with your GP or ask for an appointment with a midwife at your doctors' surgery. Alternatively you can refer yourself to your local hospital – look for contact details on their website. | You'll need to arrange abooking appointment. This usually takes place between weeks 8 and 12, and takes around an hour. | You can talk about the options for your pregnancy and the birth. Plus you'll be offered screening tests for infectious diseases, and conditions such as Down's syndrome. You could ask about theMaternity Transformation Programmeand how it could benefit you. | You will get your firstdating scanat 8 to 14 weeks. | If it's your first pregnancy you will probably have around 10 appointments and 2 scans in total. Ask if it's possible to see the same carer for your entire pregnancy, to give you continuity. | Ask your midwife or doctor about online antenatal classes – they may be able to recommend one. The charity Tommy's has lots of useful information onantenatal classes and preparing you for birth. | Antenatal classes will give you the chance to meet other people and prepare you for parenthood. TheNCT offers online antenatal classeswith small groups of people that live locally to you.","To the outside world, you'll look much the same as usual – but on the inside, your embryo is about the size of a poppy seed and some amazing things are happening. | For information on your pregnancy journey,sign up for regular emailstailored to your stage of pregnancy or baby's age. | • Week 4 | • Week 5 | • Week 6"
5,"Your baby's nervous system is developing, and the brain and spinal cord are taking shape. The tiny heart is starting to form and will beat for the first time around now. | Many women realise that they're pregnant around week 5. You might notice that your period is late, and you may feel a bit under the weather. | If you're wondering when to take a pregnancy test, now is a good time as they are sensitive to changes in your urine from week 3 or 4 onwards. | Finding out that you are pregnant can be exciting, but it's normal to have worries too. Around 1 in 5 mums feel anxious or stressed during pregnancy, so you are not alone. | Try not to keep your worries to yourself – talk to your midwife or doctor. You could also try doing some relaxingbreathing exercises. | [Exercising In Pregnancy] It's recommended that youdo 150 minutes of exercise a week while pregnant. | [Exercising In Pregnancy] You could start off with just 10 minutes of daily exercise – perhaps take a brisk walk outside. | [Exercising In Pregnancy] Listen to your body and do what feels right for you. | The advice for week 5 is the same as for week 4 – basically keep up the good work looking after yourself! | Share the news with your GP or ask for an appointment with a midwife at your doctors' surgery. Alternatively you can refer yourself to your local hospital – look for contact details on their website.","Many women realise that they're pregnant around week 5. If you're wondering when to take a pregnancy test, now is a good time. | For information on your pregnancy journey,sign up for regular emailstailored to your stage of pregnancy or baby's age. | • Week 4 | • Week 5 | • Week 6"
6,"[Exercising In Pregnancy] It's recommended that youdo 150 minutes of exercise a week while pregnant. | [Exercising In Pregnancy] You could start off with just 10 minutes of daily exercise – perhaps take a brisk walk outside. | [Exercising In Pregnancy] Listen to your body and do what feels right for you. | The advice for week 6 is the same as for the earlier weeks. Try to rest as much as possible. | Share the news with your GP or ask for an appointment with a midwife at your doctors' surgery. Alternatively you can refer yourself to your local hospital – look for contact details on their website. | You'll need to arrange abooking appointment. This usually takes place between weeks 8 and 12, and takes around an hour. | You can talk about the options for your pregnancy and the birth. Plus you'll be offered screening tests for infectious diseases, and conditions such as Down's syndrome. You could ask about theMaternity Transformation Programmeand how it could benefit you. | You will get your firstdating scanat 8 to 14 weeks. | If it's your first pregnancy you will probably have around 10 appointments and 2 scans in total. | Ask your midwife or doctor about online antenatal classes – they may be able to recommend one. The charity Tommy's has lots of useful information onantenatal classes and preparing you for birth.","Now the size of a baked bean, your baby is growing and changing at a fast pace. To achieve this, they get everything they need from you. | For information on your pregnancy journey,sign up for regular emailstailored to your stage of pregnancy or baby's age. | • Week 4 | • Week 5 | • Week 6"
7,"[Exercising In Pregnancy] It's recommended that youdo 150 minutes of exercise a week while pregnant. | [Exercising In Pregnancy] You could start off with just 10 minutes of daily exercise – perhaps take a brisk walk outside. | [Exercising In Pregnancy] Listen to your body and do what feels right for you. | Share the news with your GP or ask for an appointment with a midwife at your doctors' surgery. Alternatively you can refer yourself to your local hospital – look for contact details on their website. | You'll need to arrange abooking appointment. This usually takes place between weeks 8 and 12, and takes around an hour. | You can talk about the options for your pregnancy and the birth. Plus you'll be offered screening tests for infectious diseases, and conditions such as Down's syndrome. You could ask about theMaternity Transformation Programmeand how it could benefit you. | You will get your firstdating scanat 8 to 14 weeks. | If it's your first pregnancy you will probably have around 10 appointments and 2 scans in total. Ask if it's possible to see the same carer for your entire pregnancy, to give you continuity. | Ask your midwife or doctor about online antenatal classes – they may be able to recommend one. The charity Tommy's has lots of useful information onantenatal classes and preparing you for birth. | Antenatal classes will give you the chance to meet other people and prepare you for parenthood. TheNCT offers online antenatal classeswith small groups of people that live locally to you.","Have you started to share the news yet? When you start telling friends and family is entirely up to you. | Legally you do not have to tell your employer until the 15th week before the baby is due, which is about 4 months away. | Maternity Action explains more about your maternity rights. | • Week 4 | • Week 5"
8,"[Exercising In Pregnancy] It's recommended that youdo 150 minutes of exercise a week while pregnant. | [Exercising In Pregnancy] You could start off with just 10 minutes of daily exercise – perhaps take a brisk walk outside. | [Exercising In Pregnancy] Listen to your body and do what feels right for you. | Share the news with your GP or ask for an appointment with a midwife at your doctors' surgery. Alternatively you can refer yourself to your local hospital – look for contact details on their website. | You'll need to arrange abooking appointment. This usually takes place between weeks 8 and 12, and takes around an hour. | You can talk about the options for your pregnancy and the birth. Plus you'll be offered screening tests for infectious diseases, and conditions such as Down's syndrome. You could ask about theMaternity Transformation Programmeand how it could benefit you. | You will get your firstdating scanat 8 to 14 weeks. | If it's your first pregnancy you will probably have around 10 appointments and 2 scans in total. Ask if it's possible to see the same carer for your entire pregnancy, to give you continuity. | Ask your midwife or doctor about online antenatal classes – they may be able to recommend one. The charity Tommy's has lots of useful information onantenatal classes and preparing you for birth. | Antenatal classes will give you the chance to meet other people and prepare you for parenthood. TheNCT offers online antenatal classeswith small groups of people that live locally to you.","You might be feeling bloated and you may have slightly swollen breasts, but it will probably be a few more weeks before you start looking pregnant. | For information on your pregnancy journey,sign up for regular emailstailored to your stage of pregnancy or baby's age. | • Week 4 | • Week 5 | • Week 6"
9,"[Exercising In Pregnancy] It's recommended that youdo 150 minutes of exercise a week while pregnant. | [Exercising In Pregnancy] You could start off with just 10 minutes of daily exercise – perhaps take a brisk walk outside. | [Exercising In Pregnancy] Listen to your body and do what feels right for you. | Share the news with your GP or ask for an appointment with a midwife at your doctors' surgery. Alternatively you can refer yourself to your local hospital – look for contact details on their website. | You'll need to arrange abooking appointment. This usually takes place between weeks 8 and 12, and takes around an hour. | You can talk about the options for your pregnancy and the birth. Plus you'll be offered screening tests for infectious diseases, and conditions such as Down's syndrome. You could ask about theMaternity Transformation Programmeand how it could benefit you. | You will get your firstdating scanat 8 to 14 weeks. | If it's your first pregnancy you will probably have around 10 appointments and 2 scans in total. Ask if it's possible to see the same carer for your entire pregnancy, to give you continuity. | Ask your midwife or doctor about online antenatal classes – they may be able to recommend one. The charity Tommy's has lots of useful information onantenatal classes and preparing you for birth. | Antenatal classes will give you the chance to meet other people and prepare you for parenthood. TheNCT offers online antenatal classeswith small groups of people that live locally to you.","Your breasts will be bigger now and your waist may be thickening a little. Your pregnancy hormones are flooding your body, which may still be causing you to feel unwell. | Thankfully this will not last forever. In a month, you'll be entering thesecond trimesterwhen many people start to feel lots better. | • Week 4 | • Week 5 | • Week 6"
10,"[Exercising In Pregnancy] It's recommended that youdo 150 minutes of exercise a week while pregnant. | [Exercising In Pregnancy] You could start off with just 10 minutes of daily exercise – perhaps take a brisk walk outside. | [Exercising In Pregnancy] Listen to your body and do what feels right for you. | Share the news with your GP or ask for an appointment with a midwife at your doctors' surgery. Alternatively you can refer yourself to your local hospital – look for contact details on their website. | You'll need to arrange abooking appointment. This usually takes place between weeks 8 and 12, and takes around an hour. | You can talk about the options for your pregnancy and the birth. Plus you'll be offered screening tests for infectious diseases, and conditions such as Down's syndrome. You could ask about theMaternity Transformation Programmeand how it could benefit you. | You will get your firstdating scanat 8 to 14 weeks. | If it's your first pregnancy you will probably have around 10 appointments and 2 scans in total. Ask if it's possible to see the same carer for your entire pregnancy, to give you continuity. | Ask your midwife or doctor about online antenatal classes – they may be able to recommend one. The charity Tommy's has lots of useful information onantenatal classes and preparing you for birth. | Antenatal classes will give you the chance to meet other people and prepare you for parenthood. TheNCT offers online antenatal classeswith small groups of people that live locally to you.","Welcome to week 10. Pregnancy is divided into 3 chunks, called ""trimesters"". You are nearly at the end of your 1st trimester. | By the2nd trimesteryou will probably have lots more energy and all those signs of early pregnancy will gradually fade away. | Around now, you may have abooking appointmentwith a midwife. You'll be asked lots of questions about your health and medical history. You can ask lots of questions too. | • Week 4 | • Week 5"
11,"You may be feeling very tired at the moment, but gentle exercise such as walking could help you feel better. | Your early signs of pregnancy could also include: | Read Tommy's guide to common pregnancy symptoms. | • aches and pains around your bump | • nausea | • mood swings | • a metallic taste in your mouth | • sore breasts | • indigestion and heartburn | • headaches (read aboutheadaches in pregnancy on NHS.uk)","You only have 2 weeks until you start your2nd trimester. This is when many women start to ""glow"" and regain their energy as their hormones settle down. | You'll be offered a range of tests around now that will look at your blood, urine and blood pressure. These tests provide an opportunity to have yours and your baby's health checked. | You can find out more aboutantenatal checks and tests on the NHS website. | • Week 4 | • Week 5"
12,"[Exercising In Pregnancy] It's recommended that youdo 150 minutes of exercise a week while pregnant. | [Exercising In Pregnancy] You could start off with just 10 minutes of daily exercise – perhaps take a brisk walk outside. | [Exercising In Pregnancy] Listen to your body and do what feels right for you. | As you start to feel more energetic, you could go and visit local maternity units and try and think about where you would like to have your baby. You can always change your mind later. | You may already have ideas about how you want to give birth – this is known as yourbirth plan. Try and stay flexible at this stage – we'll come back to birth plans in future weeks. | Share the news with your GP or ask for an appointment with a midwife at your doctors' surgery. Alternatively you can refer yourself to your local hospital – look for contact details on their website. | You'll need to arrange abooking appointment. This usually takes place between weeks 8 and 12, and takes around an hour. | You can talk about the options for your pregnancy and the birth. Plus you'll be offered screening tests for infectious diseases, and conditions such as Down's syndrome. You could ask about theMaternity Transformation Programmeand how it could benefit you. | You will be offered your firstdating scanany time now. | If it's your first pregnancy, you will probably have around 10 appointments and 2 scans in total.","Your baby is now about the size of a plum, and hopefully you are starting to feel much better as the 1st trimester comes to a close. | For information on your pregnancy journey,sign up for regular emailstailored to your stage of pregnancy or baby's age. | • Week 4 | • Week 5 | • Week 6"
14,"[Start Doing Pelvic Floor Exercises] It's a good time to tone up your pelvic floor muscles. Gentle exercises can help to prevent leakage when you laugh, sneeze or cough. | [Start Doing Pelvic Floor Exercises] Get the muscles going by pretending that you're having a pee and then stopping midflow. | [Start Doing Pelvic Floor Exercises] Visit Tommy's for more information on pelvic floor exercises. | [Exercising In Pregnancy] It's recommended that youdo 150 minutes of exercise a week while pregnant. | [Exercising In Pregnancy] You could start off with just 10 minutes of daily exercise – perhaps take a brisk walk outside. | [Exercising In Pregnancy] Listen to your body and do what feels right for you. | Many women will tell their employer after they've had their first pregnancy scan at around 12 weeks. | Once you tell your employer, you havematernity rightsand can attend antenatal appointments during paid work time. | You can also ask for a risk assessment of your workplace to ensure that you're working in a safe environment. | It's a good time to tone up your pelvic floor muscles. Gentle exercises can help to prevent leakage when you laugh, sneeze or cough.","Hopefully you are starting to feel less tired and sick now. As your energy levels return, your appetite might too. | Remember, your baby does not need any extra calories at this point. Too much weight gain in pregnancy is not good for you or your baby. | If you get hungry between meals try sticking to healthy snacks. | • Week 13 | • Week 14"
15,"[Start Doing Pelvic Floor Exercises] It's a good time to tone up your pelvic floor muscles. Gentle exercises can help to prevent leakage when you laugh, sneeze or cough. | [Start Doing Pelvic Floor Exercises] Get the muscles going by pretending that you're having a pee and then stopping midflow. | [Start Doing Pelvic Floor Exercises] Visit Tommy's for more information on pelvic floor exercises. | [Exercising In Pregnancy] It's recommended that youdo 150 minutes of exercise a week while pregnant. | [Exercising In Pregnancy] You could start off with just 10 minutes of daily exercise – perhaps take a brisk walk outside. | [Exercising In Pregnancy] Listen to your body and do what feels right for you. | Many women will tell their employer after they've had their first pregnancy scan at around 12 weeks. | Once you tell your employer, you havematernity rightsand can attend antenatal appointments during paid work time. | You can also ask for a risk assessment of your workplace to ensure that you're working in a safe environment. | It's a good time to tone up your pelvic floor muscles. Gentle exercises can help to prevent leakage when you laugh, sneeze or cough.",• What's happening in my body? | • Changes in your pants | • Thrush | • 2nd trimester pregnancy symptoms (at 15 weeks) | • What does my baby look like?
16,"Constipation is common in early pregnancy – it's when you find it really hard to poo. It can make you feel bloated, sick and give you tummy ache. | Read more about easing constipation in pregnancy on the NHS website. | • eat foods that are high in fibre, like wholemeal bread, fruit and veg, beans and lentils | • exercise regularly | • drink lots of water | • avoid iron supplements (but talk to your doctor or midwife before ditching any medication) | [Start Doing Pelvic Floor Exercises] It's a good time to tone up your pelvic floor muscles. Gentle exercises can help to prevent leakage when you laugh, sneeze or cough. | [Start Doing Pelvic Floor Exercises] Get the muscles going by pretending that you're having a pee and then stopping midflow. | [Start Doing Pelvic Floor Exercises] Visit Tommy's for more information on pelvic floor exercises. | [Exercising In Pregnancy] It's recommended that youdo 150 minutes of exercise a week while pregnant.",Your baby is growing quickly and about to have another growth spurt. You will probably have put on some weight over the past few weeks too. | • Week 13 | • Week 14 | • Week 15 | • Week 16
17,"Many women spot the first signs of their baby moving between 18 and 24 weeks. | Inside your tummy, you might feel: | You might find that your baby moves more: | Tommy's has information about baby movements in pregnancy. | • bubbling | • fluttering | • rolling | • after meals | • when you listen to loud music | • when you rub your tummy and talk to your baby","You might start to feel your baby move now. You will not be able to tell exactly what they're up to, but soon you could be feeling every kick, punch, hiccup and somersault. | • Week 13 | • Week 14 | • Week 15 | • Week 16"
18,"[Start Doing Pelvic Floor Exercises] It's a good time to tone up your pelvic floor muscles. Gentle exercises can help to prevent leakage when you laugh, sneeze or cough. | [Start Doing Pelvic Floor Exercises] Get the muscles going by pretending that you're having a pee and then stopping midflow. | [Start Doing Pelvic Floor Exercises] Visit Tommy's for more information on pelvic floor exercises. | [Exercising In Pregnancy] It's recommended that youdo 150 minutes of exercise a week while pregnant. | [Exercising In Pregnancy] You could start off with just 10 minutes of daily exercise – perhaps take a brisk walk outside. | [Exercising In Pregnancy] Listen to your body and do what feels right for you. | You do not have to tell your employer for several more weeks, but as soon as you do, you will havematernity rightsand can attend antenatal appointments during paid work time. | You can also ask for a risk assessment of your work place to ensure that you're working in a safe environment. | It's a good time to tone up your pelvic floor muscles. Gentle exercises can help to prevent leakage when you laugh, sneeze or cough. | Get the muscles going by pretending that you're having a pee and then stopping midflow.","You may feel your baby move for the first time around now. If so, it may feel like a gentle fluttering sensation. | • Week 13 | • Week 14 | • Week 15 | • Week 16"
19,"It's great for you and baby to stay active, but some exercises, such as running, could become uncomfortable. | This is because the hormone ""relaxin"" loosens up your ligaments, leaving your back, knees and ankles without their usual support. | [Start Doing Pelvic Floor Exercises] It's a good time to tone up your pelvic floor muscles. Gentle exercises can help to prevent leakage when you laugh, sneeze or cough. | [Start Doing Pelvic Floor Exercises] Get the muscles going by pretending that you're having a pee and then stopping midflow. | [Start Doing Pelvic Floor Exercises] Visit Tommy's for more information on pelvic floor exercises. | [Exercising In Pregnancy] It's recommended that youdo 150 minutes of exercise a week while pregnant. | [Exercising In Pregnancy] You could start off with just 10 minutes of daily exercise – perhaps take a brisk walk outside. | [Exercising In Pregnancy] Listen to your body and do what feels right for you. | You might still be thinking about where to give birth – there's plenty of time to decide.Read about your options on where to give birth on the NHS website. | It's important to find somewhere that meets your needs and makes you feel supported.","You might think that bubbling feeling in your tummy is wind, but it could be your baby moving. You'll soon be able to recognise their movements. | • Week 13 | • Week 14 | • Week 15 | • Week 16"
20,"You may have youranomaly scanthis week. The sonographer will be checking your baby's development and will also examine your placenta (that's the pancake-shaped organ that feeds your baby and removes waste). | You might find yourself being woken up at night by sudden sharp pains in your calves. | It's probably cramp, which is common in pregnancy and caused by muscular spasms. Rub the muscle hard or pull your toes up towards your ankle. | Exercising more in the day could help you avoid this, and you couldtry these foot exercises. | [Start Doing Pelvic Floor Exercises] It's a good time to tone up your pelvic floor muscles. Gentle exercises can help to prevent leakage when you laugh, sneeze or cough. | [Start Doing Pelvic Floor Exercises] Get the muscles going by pretending that you're having a pee and then stopping midflow. | [Start Doing Pelvic Floor Exercises] Visit Tommy's for more information on pelvic floor exercises. | [Exercising In Pregnancy] It's recommended that youdo 150 minutes of exercise a week while pregnant. | [Exercising In Pregnancy] You could start off with just 10 minutes of daily exercise – perhaps take a brisk walk outside. | [Exercising In Pregnancy] Listen to your body and do what feels right for you.",You're now halfway through your pregnancy! | • Week 13 | • Week 14 | • Week 15 | • Week 16
21,"[Start Doing Pelvic Floor Exercises] It's a good time to tone up your pelvic floor muscles. Gentle exercises can help to prevent leakage when you laugh, sneeze or cough. | [Start Doing Pelvic Floor Exercises] Get the muscles going by pretending that you're having a pee and then stopping midflow. | [Start Doing Pelvic Floor Exercises] Visit Tommy's for more information on pelvic floor exercises. | [Exercising In Pregnancy] It's recommended that youdo 150 minutes of exercise a week while pregnant. | [Exercising In Pregnancy] You could start off with just 10 minutes of daily exercise – perhaps take a brisk walk outside. | [Exercising In Pregnancy] Listen to your body and do what feels right for you. | Pregnancy can be a happy time, but for some it's stressful and there are lots of difficult decisions to make. | If you were given any unexpected news at your anomaly scan, you may be feeling very worried. Try talking through your options with your doctor or midwife. | You could also call the free helpline run by a charity calledAntenatal Results and Choices. | You do not have to tell your employer for several more weeks, but as soon as you do, you will havematernity rightsand can attend antenatal appointments during paid work time. You can also ask for a risk assessment of your work place.","Have you had the whooping cough vaccine? It's usually offered to pregnant women at around week 20 but you can have it from week 16 to week 32. | Whooping cough is on the rise – but you can protect your baby from this dangerous condition by having a vaccination. If you have not had it yet, speak to your midwife or a GP. | Read more about whooping cough vaccination in pregnancy on NHS.UK. | This week, your signs of pregnancy could include: | You may also experience symptoms from earlier weeks, such as:"
22,"[Start Doing Pelvic Floor Exercises] It's a good time to tone up your pelvic floor muscles. Gentle exercises can help to prevent leakage when you laugh, sneeze or cough. | [Start Doing Pelvic Floor Exercises] Get the muscles going by pretending that you're having a pee and then stopping midflow. | [Start Doing Pelvic Floor Exercises] Visit Tommy's for more information on pelvic floor exercises. | [Exercising In Pregnancy] It's recommended that youdo 150 minutes of exercise a week while pregnant. | [Exercising In Pregnancy] You could start off with just 10 minutes of daily exercise – perhaps take a brisk walk outside. | [Exercising In Pregnancy] Listen to your body and do what feels right for you. | How are you feeling? It's important that you prioritise your wellbeing (mentally as well as physically) during pregnancy. | Tommy's has lots of tips to help you relax. You can also create apregnancy and post-birth wellbeing planto help look after yourself and be prepared for when your baby arrives. | This week you could also… | You do not have to tell your employer for several more weeks, but as soon as you do, you will havematernity rightsand can attend antenatal appointments during paid work time. You can also ask for a risk assessment of your work place.","This is a good week to talk to your bump, sing to it, caress it with moisturiser and you might even feel a little flutter in response. It's all part of bonding with your unborn baby who, as you can probably tell, is getting bigger by the day. | • Week 13 | • Week 14 | • Week 15 | • Week 16"
23,"[Start Doing Pelvic Floor Exercises] It's a good time to tone up your pelvic floor muscles. Gentle exercises can help to prevent leakage when you laugh, sneeze or cough. | [Start Doing Pelvic Floor Exercises] Get the muscles going by pretending that you're having a pee and then stopping midflow. | [Start Doing Pelvic Floor Exercises] Visit Tommy's for more information on pelvic floor exercises. | [Exercising In Pregnancy] It's recommended that youdo 150 minutes of exercise a week while pregnant. | [Exercising In Pregnancy] You could start off with just 10 minutes of daily exercise – perhaps take a brisk walk outside. | [Exercising In Pregnancy] Listen to your body and do what feels right for you. | Are you drinking lots of tea and coffee? This week, why not make a real effort to swap your cuppas for alternatives such as smoothies and fruit teas. | You cancheck your caffeine intake with Tommy's Caffeine Calculator. | This week you could also… | It's about time to break the news, if you have not already. The latest you can leave it is 15 weeks before the baby is due, which is around week 25.",• What's happening in my body? | • Stay sun safe | • 2nd trimester pregnancy symptoms (at 23 weeks) | • What does my baby look like? | • Action stations
24,"[Start Doing Pelvic Floor Exercises] It's a good time to tone up your pelvic floor muscles. Gentle exercises can help to prevent leakage when you laugh, sneeze or cough. | [Start Doing Pelvic Floor Exercises] Get the muscles going by pretending that you're having a pee and then stopping midflow. | [Start Doing Pelvic Floor Exercises] Visit Tommy's for more information on pelvic floor exercises. | [Exercising In Pregnancy] It's recommended that youdo 150 minutes of exercise a week while pregnant. | [Exercising In Pregnancy] You could start off with just 10 minutes of daily exercise – perhaps take a brisk walk outside. | [Exercising In Pregnancy] Listen to your body and do what feels right for you. | Have you thought about writing a birth plan yet? This sets out what you would ideally like to happen during the birth and after your baby is born. | Find out how to make a birth planand download a birth plan template. Talk to your partner, family, midwife or doctor. | This week you could also… | It's about time to break the news, if you have not already. The latest you can leave it is 15 weeks before the baby is due, which is around now.","Your baby is now considered ""viable"", which means they could survive if they were born right now and given the right support. | • Week 13 | • Week 14 | • Week 15 | • Week 16"
25,"[Start Doing Pelvic Floor Exercises] It's a good time to tone up your pelvic floor muscles. Gentle exercises can help to prevent leakage when you laugh, sneeze or cough. | [Start Doing Pelvic Floor Exercises] Get the muscles going by pretending that you're having a pee and then stopping midflow. | [Start Doing Pelvic Floor Exercises] Visit Tommy's for more information on pelvic floor exercises. | [Exercising In Pregnancy] It's recommended that youdo 150 minutes of exercise a week while pregnant. | [Exercising In Pregnancy] You could start off with just 10 minutes of daily exercise – perhaps take a brisk walk outside. | [Exercising In Pregnancy] Listen to your body and do what feels right for you. | Start thinking a bit more about what you'd ideally like to happen when your baby's born. What kind of pain relief would you like? Who do you want to have with you? | You can download anNHS birth plan templatewhich will help you think through some of the big issues. | This week you could also… | It's about time to break the news, if you have not already. The latest you can leave it is 15 weeks before the baby is due, which is around now.","Welcome to week 25! You'll need to tell your employers now, if you have not already, so that you can get maternity pay and benefits. | If your partner plans to take paternity leave, they will need to tell their employer too. Did you know that female partners are also entitled to paternity leave? | • Week 13 | • Week 14 | • Week 15"
26,"As you approach the 3rd trimester, you might be feeling more tired, and a bit more clumsy and uncoordinated. | That's understandable. It's hard carrying around extra weight and also your centre of gravity will have changed with your growing bump, and that affects your sense of balance. | You may need to allow yourself more time to do your usual activities, like your daily walk to the bus stop. | It's important to stay active but your body's changing all the time, so be patient with yourself. | • Week 13 | • Week 14 | • Week 15 | • Week 16 | • Week 17 | • Week 18","As you approach the 3rd trimester, you might be feeling more tired, and a bit more clumsy and uncoordinated. | That's understandable. It's hard carrying around extra weight and also your centre of gravity will have changed with your growing bump, and that affects your sense of balance. | You may need to allow yourself more time to do your usual activities, like your daily walk to the bus stop. | It's important to stay active but your body's changing all the time, so be patient with yourself. | • Week 13"
27,"[Start Doing Pelvic Floor Exercises] It's a good time to tone up your pelvic floor muscles. Gentle exercises can help to prevent leakage when you laugh, sneeze or cough. | [Start Doing Pelvic Floor Exercises] Get the muscles going by pretending that you're having a pee and then stopping midflow. | [Start Doing Pelvic Floor Exercises] Visit Tommy's for more information on pelvic floor exercises. | [Exercising In Pregnancy] It's recommended that youdo 150 minutes of exercise a week while pregnant. | [Exercising In Pregnancy] You could start off with just 10 minutes of daily exercise – perhaps take a brisk walk outside. | [Exercising In Pregnancy] Listen to your body and do what feels right for you. | Do you know where you would like to give birth? This is a great time to start thinking about it. | If you're concerned about how COVID-19 might affect your birth plan, visit theRoyal College of Obstetricians and Gynaecologistsfor the most up-to-date advice. | This week you could also… | You havematernity rights. You can ask for a risk assessment of your work place to ensure that you're working in a safe environment.",Congratulations! You've reached the final week of your 2nd trimester and are two-thirds of the way through your pregnancy. | Next week you'll start the 3rd and final trimester. | • Week 13 | • Week 14 | • Week 15
28,"[Start Doing Pelvic Floor Exercises] It's a good time to tone up your pelvic floor muscles. Gentle exercises can help to prevent leakage when you laugh, sneeze or cough. | [Start Doing Pelvic Floor Exercises] Get the muscles going by pretending that you're having a pee and then stopping midflow. | [Start Doing Pelvic Floor Exercises] Visit Tommy's for more information on pelvic floor exercises. | [Exercising In Pregnancy] It's recommended that youdo 150 minutes of exercise a week while pregnant. | [Exercising In Pregnancy] You could start off with just 10 minutes of daily exercise – perhaps take a brisk walk outside. | [Exercising In Pregnancy] Listen to your body and do what feels right for you. | It's time to work out where your baby will sleep, and it's best to do this sooner, rather than later, before you start running out of energy. | Your baby will spend a lot of time in a cot, so make sure it's safe. If you're buying a new cot, look for the British Standard mark BS EN 716-1. | Read more about what you need for your baby. | This week you could also...","Welcome to the 3rd and final trimester! | Over the next few weeks, you will probably start to feel a bit more uncomfortable and tired. | • Week 28 | • Week 29 | • Week 30"
29,"[Start Doing Pelvic Floor Exercises] It's a good time to tone up your pelvic floor muscles. Gentle exercises can help to prevent leakage when you laugh, sneeze or cough. | [Start Doing Pelvic Floor Exercises] Get the muscles going by pretending that you're having a pee and then stopping midflow. | [Start Doing Pelvic Floor Exercises] Visit Tommy's for more information on pelvic floor exercises. | [Exercising In Pregnancy] It's recommended that youdo 150 minutes of exercise a week while pregnant. | [Exercising In Pregnancy] You could start off with just 10 minutes of daily exercise – perhaps take a brisk walk outside. | [Exercising In Pregnancy] Listen to your body and do what feels right for you. | Start writing yourbirth planif you would like to have one. Think about: | This week you could also... | You havematernity rights. You can ask for a risk assessment of your work place to ensure that you're working in a safe environment. | You should not be lifting heavy things and you may need extra breaks and somewhere to sit.","Are you feeling excited? Or nervous? Or maybe you're a bit of both? Being pregnant stirs up all kinds of emotions. | The important thing to do during pregnancy is to talk to friends, family, your midwife or doctor, and discuss anything that's worrying you. | • Week 28 | • Week 29 | • Week 30"
30,"It's probably more of an effort now to walk up the stairs without getting out of breath – that's because your baby is pushing against your lungs. | Your signs of pregnancy could also include: | You may also experience symptoms from earlier weeks, such as: | Read Tommy's guide to common pregnancy symptoms. | • sleeping problems (week 19 has information on feeling tired) | • stretch marks (week 17 has information on stretch marks) | • swollen and bleeding gums (week 13 has information on gum health during pregnancy) | • pains on the side of your baby bump, caused by your expanding womb (""round ligament pains"") | • piles (week 22 has information on piles) | • headaches (read aboutheadaches in pregnancy on NHS.uk)","You're three-quarters of the way there now! | You might already feel like you're ready to drop, but you and your baby have some more growing to do over the next few weeks. | • Week 28 | • Week 29 | • Week 30"
31,"[Start Doing Pelvic Floor Exercises] It's a good time to tone up your pelvic floor muscles. Gentle exercises can help to prevent leakage when you laugh, sneeze or cough. | [Start Doing Pelvic Floor Exercises] Get the muscles going by pretending that you're having a pee and then stopping midflow. | [Start Doing Pelvic Floor Exercises] Visit Tommy's for more information on pelvic floor exercises. | [Exercising In Pregnancy] It's recommended that youdo 150 minutes of exercise a week while pregnant. | [Exercising In Pregnancy] You could start off with just 10 minutes of daily exercise – perhaps take a brisk walk outside. | [Exercising In Pregnancy] Listen to your body and do what feels right for you. | For the first few months, you'll need a crib, carry cot or Moses basket. | If you're borrowing a cot, then ideally you'll need a new mattress. It should fit snugly with no gaps and be clean and waterproof. | Do not use pillows or duvets, as they can cause your baby to overheat or even suffocate. Instead, get a baby sleeping bag or layer up with light blankets. | Read more tips on what to buy for your baby.","This might be hard to believe, but you are almost there! | You're very unlikely to go beyond another 9 or 10 weeks. You could have your baby in just 6 weeks, which would not be considered early. | • Week 28 | • Week 29 | • Week 30"
32,"You might find your bump is making it harder to walk and making you ""waddle"". That's your body's way of compensating for all that extra weight up front. | • Week 28 | • Week 29 | • Week 30 | • Week 31 | • Week 32 | • Week 33 | • Week 34 | • Week 35 | • Week 36","You might find your bump is making it harder to walk and making you ""waddle"". That's your body's way of compensating for all that extra weight up front. | • Week 28 | • Week 29 | • Week 30 | • Week 31"
33,"[Start Doing Pelvic Floor Exercises] It's a good time to tone up your pelvic floor muscles. Gentle exercises can help to prevent leakage when you laugh, sneeze or cough. | [Start Doing Pelvic Floor Exercises] Get the muscles going by pretending that you're having a pee and then stopping midflow. | [Start Doing Pelvic Floor Exercises] Visit Tommy's for more information on pelvic floor exercises. | [Exercising In Pregnancy] It's recommended that youdo 150 minutes of exercise a week while pregnant. | [Exercising In Pregnancy] You could start off with just 10 minutes of daily exercise – perhaps take a brisk walk outside. | [Exercising In Pregnancy] Listen to your body and do what feels right for you. | Have you thought about how you're going to bring your baby home? | You'll need a car seat. Ideally you should buy a new one, so you'll know for sure that it has never been damaged before. | It's far too dangerous to carry the baby in your arms, and it is also illegal. | Car seats can be fiddly to start with, so practise strapping it into place, and then removing it.","With around 6 weeks to go, you might be feeling really tired now, which is not surprising, as you're now carrying around an extra couple of kilograms! | • Week 28 | • Week 29 | • Week 30 | • Week 31"
34,"You will have aweek 34 antenatal appointmentthis week. Remember to keep eating healthily, take gentle exercise, and rest often. | • Week 28 | • Week 29 | • Week 30 | • Week 31 | • Week 32 | • Week 33 | • Week 34 | • Week 35 | • Week 36",• What's happening in my body? | • When to take maternity leave | • Baby slings and carriers | • 3rd trimester pregnancy symptoms (at 34 weeks) | • What does my baby look like?
35,"[Start Doing Pelvic Floor Exercises] It's a good time to tone up your pelvic floor muscles. Gentle exercises can help to prevent leakage when you laugh, sneeze or cough. | [Start Doing Pelvic Floor Exercises] Get the muscles going by pretending that you're having a pee and then stopping midflow. | [Start Doing Pelvic Floor Exercises] Visit Tommy's for more information on pelvic floor exercises. | [Exercising In Pregnancy] It's recommended that youdo 150 minutes of exercise a week while pregnant. | [Exercising In Pregnancy] You could start off with just 10 minutes of daily exercise – perhaps take a brisk walk outside. | [Exercising In Pregnancy] Listen to your body and do what feels right for you. | Have you had thewhooping cough jabyet? It's usually offered to pregnant women between 16 and 32 weeks – but it's not too late to have it now. | This vaccine will protect your tiny baby from this dangerous disease for the first few weeks of their life. | If you haven't already, talk to your midwife or doctor about the jab. | This week you could also...","Many women choose to begin their maternity leave around now, and then use the next few weeks to prepare for the baby's arrival. Others prefer to work until the birth. | Do what feels right for you. | • Week 28 | • Week 29 | • Week 30"
36,"Have you noticed a bit of wee leaking out when you laugh or cough? This is your body's way of preparing for the birth by relaxing the pelvic floor muscles around the bladder. | It may help to wear maternity pads – it's a good idea to stock up now as you'll need some after the birth. Also try to practise your pelvic floor exercises. | Your signs of pregnancy could also include: | You may also experience symptoms from earlier weeks, such as: | Read Tommy's guide to common pregnancy symptoms. | • painless contractions around your bump, known as Braxton Hicks contractions | • sleeping problems (week 19 has information on feeling tired) | • stretch marks (week 17 has information on stretch marks) | • swollen and bleeding gums (week 13 has information on gum health during pregnancy) | • pains on the side of your baby bump, caused by your expanding womb (""round ligament pains"")","You'll have an antenatal appointment around now with your doctor or midwife. This will check on your blood pressure, urine, and the size of your bump. | You may not feel like going, as it's such an effort to get anywhere, but make them a priority. | These appointments save lives as they can pick up on changes in your body that you might not be aware of, such as very high blood pressure. | • Week 28 | • Week 29"
37,"[Start Doing Pelvic Floor Exercises] It's a good time to tone up your pelvic floor muscles. Gentle exercises can help to prevent leakage when you laugh, sneeze or cough. | [Start Doing Pelvic Floor Exercises] Get the muscles going by pretending that you're having a pee and then stopping midflow. | [Start Doing Pelvic Floor Exercises] Visit Tommy's for more information on pelvic floor exercises. | [Exercising In Pregnancy] It's recommended that youdo 150 minutes of exercise a week while pregnant. | [Exercising In Pregnancy] You could start off with just 10 minutes of daily exercise – perhaps take a brisk walk outside. | [Exercising In Pregnancy] Listen to your body and do what feels right for you. | You may be on your maternity leave now or about to stop work. | Find out how much maternity leave and pay you're entitled to. | It's a good time to tone up your pelvic floor muscles. Gentle exercises can help to prevent leakage when you laugh, sneeze or cough. | Get the muscles going by pretending that you're having a pee and then stopping midflow.","Your baby could come any day now – and this would not be considered early. | Your baby is now ""full term"", which means that they're probably big enough, and mature enough, to survive in the outside world. However, you still may have to wait another few weeks. | If you're carrying twins, then you will probably give birth this week. Twin pregnancies rarely go beyond 38 weeks. | TheTwins Trusthas more information. | • Week 28"
38,"[Start Doing Pelvic Floor Exercises] It's a good time to tone up your pelvic floor muscles. Gentle exercises can help to prevent leakage when you laugh, sneeze or cough. | [Start Doing Pelvic Floor Exercises] Get the muscles going by pretending that you're having a pee and then stopping midflow. | [Start Doing Pelvic Floor Exercises] Visit Tommy's for more information on pelvic floor exercises. | [Exercising In Pregnancy] It's recommended that youdo 150 minutes of exercise a week while pregnant. | [Exercising In Pregnancy] You could start off with just 10 minutes of daily exercise – perhaps take a brisk walk outside. | [Exercising In Pregnancy] Listen to your body and do what feels right for you. | Are you feeling cooped up at home? It's fine to go for a walk outside to get some fresh air, but take your notes with you just in case. | This week you could also... | You may be on your maternity leave now or about to stop work. | Find out how much maternity leave and pay you're entitled to.","Your baby is now ""full term"" and could come any day now! | • Week 28 | • Week 29 | • Week 30 | • Week 31"
39,"[Start Doing Pelvic Floor Exercises] It's a good time to tone up your pelvic floor muscles. Gentle exercises can help to prevent leakage when you laugh, sneeze or cough. | [Start Doing Pelvic Floor Exercises] Get the muscles going by pretending that you're having a pee and then stopping midflow. | [Start Doing Pelvic Floor Exercises] Visit Tommy's for more information on pelvic floor exercises. | [Exercising In Pregnancy] It's recommended that youdo 150 minutes of exercise a week while pregnant. | [Exercising In Pregnancy] You could start off with just 10 minutes of daily exercise – perhaps take a brisk walk outside. | [Exercising In Pregnancy] Listen to your body and do what feels right for you. | Be on full alert in case your waters break, as this could happen at any time. Don't expect a tidal wave, as it could be just a trickle. | If you think it's started, then call your midwife or doctor and ask for advice. | You might have just wet yourself, but if your waters have broken, then yourlabour may need to be induced, as your baby will be at a greater risk of infection. | This week you could also...",Pregnancy normally lasts around 40 weeks and most women will go into labour a week either side of their due date. That means any day now! | • Week 28 | • Week 29 | • Week 30 | • Week 31
40,"[Start Doing Pelvic Floor Exercises] It's a good time to tone up your pelvic floor muscles. Gentle exercises can help to prevent leakage when you laugh, sneeze or cough. | [Start Doing Pelvic Floor Exercises] Get the muscles going by pretending that you're having a pee and then stopping midflow. | [Start Doing Pelvic Floor Exercises] Visit Tommy's for more information on pelvic floor exercises. | [Exercising In Pregnancy] It's recommended that youdo 150 minutes of exercise a week while pregnant. | [Exercising In Pregnancy] You could start off with just 10 minutes of daily exercise – perhaps take a brisk walk outside. | [Exercising In Pregnancy] Listen to your body and do what feels right for you. | Be on full alert in case your waters break, as this could happen at any time. Don't expect a tidal wave, as it could be just a trickle. | If you think it's started, then call your midwife or doctor and ask for advice. | You might have just wet yourself, but if your waters have broken, then yourlabour may need to be induced, as your baby will be at a greater risk of infection. | This week you could also...","The wait is nearly over. Within days, you'll get to meet your baby. It's been quite a journey, but the real adventure starts when your little one is born. | • Week 28 | • Week 29 | • Week 30 | • Week 31"
41,"[Start Doing Pelvic Floor Exercises] It's a good time to tone up your pelvic floor muscles. Gentle exercises can help to prevent leakage when you laugh, sneeze or cough. | [Start Doing Pelvic Floor Exercises] Get the muscles going by pretending that you're having a pee and then stopping midflow. | [Start Doing Pelvic Floor Exercises] Visit Tommy's for more information on pelvic floor exercises. | [Exercising In Pregnancy] It's recommended that youdo 150 minutes of exercise a week while pregnant. | [Exercising In Pregnancy] You could start off with just 10 minutes of daily exercise – perhaps take a brisk walk outside. | [Exercising In Pregnancy] Listen to your body and do what feels right for you. | You'll be on maternity leave now. Find out how muchmaternity leave and payyou're entitled to. | It's a good time to tone up your pelvic floor muscles. Gentle exercises can help to prevent leakage when you laugh, sneeze or cough. | Get the muscles going by pretending that you're having a pee and then stopping midflow. | Visit Tommy's for more information on pelvic floor exercises.","At 41 weeks pregnant, your baby is taking a little extra time. Your midwife or doctor will check in with you and talk about the next steps, to help your baby arrive safely. | • Week 28 | • Week 29 | • Week 30 | • Week 31"
